reach_id,2024-10-01,2024-10-02,2024-10-03,2024-10-05,2024-10-11,2024-10-12,2024-10-13,2024-10-14,2024-10-15,2024-10-16,2024-10-23,2024-10-24,2024-10-25,2024-10-26,2024-11-04,2024-11-05,2024-11-06,2024-11-11,2024-11-12,2024-11-13,2024-11-14,2024-11-16,2024-11-17,2024-11-21,2024-11-22,2024-11-23,2024-11-24,2024-11-25,2024-11-26,2024-11-27,2024-12-02,2024-12-03,2024-12-04,2024-12-05,2024-12-07,2024-12-08,2024-12-13,2024-12-14,2024-12-15,2024-12-16,2024-12-17,2024-12-18,2024-12-23,2024-12-24,2024-12-25,2024-12-26,2024-12-27,2024-12-28,2025-01-03,2025-01-04,2025-01-05,2025-01-06,2025-01-07,2025-01-08,2025-01-14,2025-01-15,2025-01-16,2025-01-17,2025-01-23,2025-01-25,2025-01-26,2025-01-27,2025-01-28,2025-02-03,2025-02-04,2025-02-05,2025-02-06,2025-02-07,2025-02-14,2025-02-15,2025-02-16,2025-02-17,2025-02-18,2025-02-24,2025-03-06,2025-03-07,2025-03-08,2025-03-10,2025-03-11,2025-03-17,2025-03-18,2025-03-19,2025-03-20,2025-03-21,2025-03-22,2025-03-27,2025-03-28,2025-03-29,2025-03-30,2025-03-31,2025-04-01,2025-04-06,2025-04-07,2025-04-08,2025-04-09,2025-04-10,2025-04-11,2025-04-12,2025-04-17,2025-04-18,2025-04-19,2025-04-20,2025-04-21,2025-04-22,2025-04-27,2025-04-28,2025-04-29,2025-04-30,2025-05-01,2025-05-02,2025-05-03,2025-05-08,2025-05-11,2025-05-12,2025-05-13,2025-05-18,2025-05-19,2025-05-20,2025-05-21,2025-05-22,2025-05-23,2025-05-24,2025-05-28,2025-05-29,2025-05-31,2025-06-01,2025-06-02,2025-06-03,2025-06-08,2025-06-09,2025-06-10,2025-06-11,2025-06-12,2025-06-13,2025-06-14,2025-06-18,2025-06-19,2025-06-21,2025-06-22,2025-06-23,2025-06-29,2025-06-30,2025-07-01,2025-07-02,2025-07-03,2025-07-04,2025-07-09,2025-07-10,2025-07-11,2025-07-12,2025-07-13,2025-07-14,2025-07-20,2025-07-21,2025-07-22,2025-07-23,2025-07-24,2025-07-25,2025-07-30,2025-07-31,2025-08-01,2025-08-02,2025-08-03,2025-08-04,2025-08-10,2025-08-11,2025-08-12,2025-08-13,2025-08-14,2025-08-15,2025-08-20,2025-08-21,2025-08-22,2025-08-23,2025-08-24,2025-08-25,2025-08-31,2025-09-01,2025-09-02,2025-09-03,2025-09-04,2025-09-05,2025-09-09,2025-09-10,2025-09-11,2025-09-12,2025-09-13,2025-09-14,2025-09-15,2025-09-20,2025-09-21,2025-09-22,2025-09-23,2025-09-24,2025-09-25,2025-09-26,2025-09-30
45349500141,,,0.003089166848605882,,,,,,,0.0030783510001184218,,0.003359337890024543,,,,,0.0023714450248808875,,,0.0019452460662536866,,,,,,,,,,0.0012844345423291964,,,0.0009107635544813552,,,,,,,,,0.00030038330328962935,,,-3.86468094523406e-05,,,,,,,,,0.00016437281980084378,,-0.000652509979208126,,,,,,,-0.0009761486121690578,,,-0.001257167246400558,,,,,,,-0.0017206363306186917,,,,,,-0.002703822628965774,,,-0.0027820588089689366,,,,,,,,,-0.003256693846655069,,,,,,,,,,,,,-0.0021937628755820575,,,-0.003083228591163591,,,,,,,,-0.0023598856717787007,,,-0.0008131365478663786,,,,,,,,,,-0.0007302057158241317,,,-0.0009024808546363857,,,,,,,,,-0.0008726601886669966,,,-0.0010324330212958144,,,,,,,,,-0.0011724516055974688,,,0.0013203738339040317,,,,,,,,,0.0023743383373629793,,,0.0021861707529971107,,,,,,,,,0.002416733349310794,,,0.0058490574887566605,,,,,,,,,,0.007021129909191788,,,0.012419705609538112,,,,,
45343000231,0.012839893752641725,,,,,,,0.008621514946274363,,,,,,,0.003160013749803475,,,0.002619502696812041,,,,,,,,,,0.0014948857134352478,,,-0.0009373546914227228,,,,,,,,,0.0016839639326664026,,,-0.002855152528325804,,,,,,,,,0.0020446460914472046,,,,,,,,,0.004271595446037273,,,-0.0009373546914227228,,,,,,,-0.001187450294313415,,,-0.003064496533429622,,,,,,-0.016835907290848,,,,,,,,,-0.034087450621338146,,,-0.04170854128110413,,,,,,,,,,-0.044869643948546895,,,-0.04426314021689115,,,,,,,,-0.04400131508289578,,,-0.040480720659035414,,,,,,,,,,-0.008411088272779789,,,-0.021568807712690145,,,,,,,,,-0.03832086504534138,,,0.016431037385898732,,,,,,,,,0.03838759152798638,,,-0.0022994289737536667,,,,,,,,,0.006808581413030027,,,-0.005990737716830574,,,,,,,,,0.05926461421478657,,,0.10225783776207532,,,,,,,,,,0.07096612775985117,,,0.03529640805850118,,,,,,,
45343000241,0.004859682881573247,,,,,,,0.0209159920148711,,,,,,,-3.7059014208507376e-05,,,0.0008783698099299494,,,,,,,,,,-0.0027397664252337695,,,-0.00033006361874865064,,,,,,,,,-0.0008618929818140397,,,0.00030340713438011,,,,,,,,,-0.0016227947314428396,,,,,,,,,-0.0005498170720041743,,,0.0013478082961784512,,,,,,,-0.004606803898485844,,,-0.0006462571969581891,,,,,,-0.0011546808668408167,,,,,,,,,-0.00329391788430682,,,-0.00027458345708343464,,,,,,,,,,-0.008971965681797561,,,0.0004984545782662497,,,,,,,,-0.004813770908136911,,,0.0005595694440377649,,,,,,,,,,-0.0006148328864583451,,,3.7059014100382244e-05,,,,,,,,,-0.0015289552391323628,,,-0.0004995381754261652,,,,,,,,,0.013585074592820672,,,0.0018778357314724456,,,,,,,,,0.061065422871664145,,,0.0016916427767643756,,,,,,,,,0.016874189122868012,,,0.03509384972819465,,,,,,,,,,0.01913670798732939,,,0.009429852398097769,,,,,,,
45343000271,0.00011925059469204783,,,,,,,-2.784199762962965e-07,,,,,,,1.7164318502749406e-05,,,-1.0160494459946894e-05,,,,,,,,,,-3.6825959214697025e-05,,,-3.3701042211908124e-05,,,,,,,,,1.659640944098055e-05,,,-2.029579920165846e-05,,,,,,,,,-6.398149936592393e-05,,,,,,,,,-1.6147472275299468e-05,,,1.338036808122629e-05,,,,,,,-3.84595869820271e-05,,,-4.19920175351995e-05,,,,,,9.80033728675563e-05,,,,,,,,,8.65915457074675e-06,,,-1.0319183868240671e-05,,,,,,,,,,-9.562382860886031e-06,,,-1.957883619845564e-06,,,,,,,,-2.826663465496461e-05,,,9.762086863077538e-06,,,,,,,,,,-2.901422684670662e-05,,,2.785554414884684e-07,,,,,,,,,-5.473059746029788e-05,,,3.061547818478333e-05,,,,,,,,,5.563206786909771e-05,,,4.8606336170530955e-05,,,,,,,,,-1.6957675719449098e-05,,,5.728028365292635e-05,,,,,,,,,0.0004899789776069679,,,0.0012294813965334007,,,,,,,,,,0.0009510414166585278,,,0.0004671734216600085,,,,,,,
45343000251,-6.045073276010115e-05,,,,,,,0.0016404768118967994,,,,,,,9.718298254511366e-05,,,-0.00014527564168003565,,,,,,,,,,-0.0001626615108390395,,,-0.0002681774473304435,,,,,,,,,-0.0002043109211843313,,,-0.0001743317514294356,,,,,,,,,-5.9433501888901456e-05,,,,,,,,,0.0007207536803614927,,,0.0006172612583784095,,,,,,,0.0008720840747876464,,,0.000502163038013522,,,,,,0.0007068572922396639,,,,,,,,,0.0005866922983724886,,,-0.0002591556436719474,,,,,,,,,,-0.00021100889772899124,,,-0.00011930213202762126,,,,,,,,-0.0002617511561684886,,,-0.00016026781496291433,,,,,,,,,,-0.0001382099084548363,,,-0.0001717485519304278,,,,,,,,,-0.00025335832088174237,,,-0.00019995044817652837,,,,,,,,,0.00028118007640618245,,,0.001294704104374583,,,,,,,,,0.0027279966879192384,,,0.0005596553876016999,,,,,,,,,0.002605068740673978,,,0.003770027357073284,,,,,,,,,,0.0026518159898437873,,,0.00095233930690263,,,,,,,
45343000261,0.00021788089213052372,,,,,,,0.00040750435409862146,,,,,,,0.00010193475578763335,,,8.480045714127257e-06,,,,,,,,,,-1.5899081623900443e-05,,,-2.6342549595481355e-05,,,,,,,,,-2.2829509567973332e-05,,,-3.987991175057037e-05,,,,,,,,,-3.454070122387e-05,,,,,,,,,-5.764306001567121e-05,,,3.480574845055637e-05,,,,,,,4.309185257635508e-05,,,-7.312462424970386e-05,,,,,,-6.340263962030822e-05,,,,,,,,,0.00010565738962028079,,,-2.242520813019182e-05,,,,,,,,,,-5.209337332528584e-05,,,1.585919005881261e-05,,,,,,,,-5.3502159859335916e-05,,,-2.1558507247567208e-05,,,,,,,,,,-5.583664353973384e-05,,,-2.8027747500456862e-05,,,,,,,,,-4.794394520440109e-05,,,-2.6483425992853013e-05,,,,,,,,,8.293980523385345e-05,,,0.000257389604216685,,,,,,,,,8.578102323995655e-05,,,0.00022310462259904872,,,,,,,,,0.0009558371294529606,,,0.0017649316521287362,,,,,,,,,,0.0015167329962936197,,,0.0012016184663787967,,,,,,,
45343000341,0.0009850514445258383,,,,,,,0.0006591495650093491,,,,,,,0.011836362225926132,,,-0.0006444188778942962,,,,,,,,,,-0.0006967096408664153,,,-0.0009583163738673423,,,,,,,,,0.004342817101311072,,,0.00453932212163747,,,,,,,,,0.000159910230406387,,,,,,,,,-4.965328463317686e-06,,,0.0011017800133158342,,,,,,,-0.001597809847118451,,,-0.000830345652764072,,,,,,-0.0013149936499721048,,,,,,,,,-0.0013482099971242304,,,-0.0015286091239229019,,,,,,,,,,-0.0008687717361595404,,,-0.0019410454343185691,,,,,,,,-0.001167333623985365,,,0.0009856090399518742,,,,,,,,,,-0.0009142084667775552,,,-0.0009443973223105746,,,,,,,,,-0.0012462701731182251,,,0.006025672554449776,,,,,,,,,0.010484763600782813,,,0.005624419660225628,,,,,,,,,0.00013079567359609853,,,0.003128206860951874,,,,,,,,,-0.010472396921220123,,,0.004670928137161855,,,,,,,,,,,,,0.0009165469686766005,,,,,,,
45349500121,,,0.0031637468128223553,,,,,,,,,0.0034907068399066604,,,,,0.0034049144264269144,,,0.003108396868024203,,,,,,,,,,0.002575455977034254,,,0.0018825932830309612,,,,,,,,,,,,0.0009636955169710883,,,,,,,,,0.0005490166259498592,,0.0001659375080917349,,,,,,,,,,-0.001007530002798398,,,,,,,-0.0019178647463852663,,,,,,-0.0033403509025950293,,,-0.004015570015083988,,,,,,,,,-0.004946214930381179,,,-0.005381792831569896,,,,,,,,,,-0.0061014963456824,,,-0.006188292317623203,,,,,,,,-0.006080023042478185,,,-0.0037424658266610655,,,,,,,,,,-0.00013425324793583083,,,-0.00022173826565568636,,,,,,,,,-0.0002511092669857217,,,-0.0006319218513694295,,,,,,,,,-0.0008639643219883023,,,0.0013961105705636223,,,,,,,,,,,,0.003301726316552596,,,,,,,,,0.002807135029185801,,,0.001990921030697413,,,,,,,,,,0.0027705645303804385,,,0.0032070563355127,,,,,
45349300041,,,,0.0023692445979483934,,,0.0029659473569099777,,,,,,,0.002758796610668384,,,,,,,,0.002831563986192635,,,,0.002441225270185187,,,,,,,,,0.0018795865920241657,,,0.0016818765112486549,,,,,,,,,,0.0013492026738034135,,,,,,,,,,0.0007039811661078685,,0.0005988515015126763,,,,,,,,-3.855631285078652e-05,,-1.1453014377970916e-06,,,,,,,-0.0011222916550216904,,,,,,,-0.008781985861490994,,,,-0.009105408506366085,,,,,,,,,-0.009492658524329626,,,-0.009783229382527788,,,,,,,,,,-0.010591440114476472,,,,,,,,,,,-0.011477466476509065,,,,,,,,,,,,,-0.009005558780223829,,,,,,,,,,,-0.008335059658638186,,,,-0.008278668929167487,,,,,,,,-0.005978926979845106,,,,-0.011770704651342232,,,,,,,,0.00017004557620603388,,,,0.00011203483788361429,,,,,,,,-0.00015528812364232694,,,,0.001219921595169971,,,,,,,,,,0.01745667274878873,,
45345000021,0.006904194531119815,,,,,,,0.0015248133174816554,,,,,,,-0.0003101526556373986,,,,,,,,,,,,,0.0010628832735525163,,,,,,,,,,,,-0.0020859116078468277,,,-0.0007097002368798805,,,,,,,,,0.00028762204398348885,,,,,,,,,-0.00027710317603395435,,,,,,,,,,-0.0005933388856628022,,,-0.0030922556422091924,,,,,,-0.0031590097248969467,,,,,,,,,-0.0010914737962545668,,,-0.00022144613102124337,,,,,,,,,,-0.002477375244285035,,,,,,,,,,,-0.0004156835471643955,,,-0.00350452518109273,,,,,,,,,,-0.0027602759768453186,,,-0.0003862762841290999,,,,,,,,,-0.00011193828967682932,,,0.003368555920230307,,,,,,,,,0.011071852739707472,,,0.0017534803379566188,,,,,,,,,0.0038758777399646276,,,0.001177127035251297,,,,,,,,,0.017326095878555485,,,0.046597279740232395,,,,,,,,,,0.020910126856083386,,,0.014980231875526353,,,,,,,
45343000361,0.00045182187716286424,,,,,,,0.00028055952623023104,,,,,,,-0.00015400884773037455,,,0.00042445759589659963,,,,,,,,,,0.00026032742648350273,,,0.00030500683987257955,,,,,,,,,,,,0.000181848237975412,,,,,,,,,0.00023648123776168905,,,,,,,,,-5.155462759528204e-05,,,0.00020782844921267743,,,,,,,-5.83639571435873e-05,,,-5.4278359387086074e-05,,,,,,-0.0007972285937686984,,,,,,,,,-0.0011795986382038535,,,-0.0012993380794978481,,,,,,,,,,-0.0014265858508798702,,,,,,,,,,,-0.0017545212057946066,,,-0.001664594009580005,,,,,,,,,,-0.0013890660448011044,,,-0.0016569383598216388,,,,,,,,,-0.0017649757521567989,,,-0.0014538377008365456,,,,,,,,,,,,5.865175241043685e-05,,,,,,,,,0.00027228682673107195,,,,,,,,,,,,0.0002443146650332946,,,0.0010400489790210019,,,,,,,,,,0.0007211279899670274,,,0.0005961786207983777,,,,,,,
45343000071,0.04171454208842443,,,,,,,0.014927069837800457,,,,,,,0.00891527015273418,,,0.003168334349084502,,,,,,,,,,0.002337251835287199,,,-0.00011376057476291651,,,,,,,,,,,,,,,,,,,,,-0.002209581339751595,,,,,,,,,-0.00346413143354095,,,,,,,,,,-0.005337888948291343,,,-0.005622018059050367,,,,,,-0.0057666557767293925,,,,,,,,,-0.005757629933713996,,,-0.0062722052691460434,,,,,,,,,,-0.005988403167436118,,,-0.005928803338847771,,,,,,,,-0.005512458911711091,,,,,,,,,,,,,-0.002642655292269158,,,-0.0005202088747827057,,,,,,,,,-0.0027795273578226005,,,0.005354882250191399,,,,,,,,,0.08015889958399412,,,0.013388345264162486,,,,,,,,,0.0374273881019668,,,0.02162591881116691,,,,,,,,,0.06945003543982305,,,0.08921863568478404,,,,,,,,,,,,,0.05909891968588261,,,,,,,
45350000045,,,0.0025072143418364847,,-0.0013849102273996708,,,,,,,-0.00038772485404197694,,,,,,,,,-0.0008527263151378474,,,0.002412017210767057,,,,,,,,,,0.001557608076957722,,,,,,,,,,,,-5.246531798668831e-05,,,,,,,,,,-0.003958615140333092,,,0.0007363109866280421,,,,,,,,,,,,,,,,-0.0016984900852554314,,,,,,,-0.0029162539306229504,,,,0.0012241224198446263,,,,,,,,,-0.0012030541984330526,,,,,,,,,,,,,0.0015097138729671259,,,,,,,,,,,-0.0016932313084862278,,,,0.002207432048427053,,,,,,,,,0.0006056366388441245,,,,-0.001122412666553201,,,,,,,0.0006677217597404956,,,,-0.0018039853678150084,,,,,,,,-0.0029004620019652968,,,,0.004199443012910359,,,,,,,,,,,,0.004629637757798565,,,,,,,,0.007343944414941092,,,,-0.0028201074844547177,,,,,,,,,,-0.00046991366037470444,,,,0.005335208282571454
45350000035,,,0.0038021678890165834,,-0.0011375129955035674,,,,,,,-0.00013326502756253134,,,,,,,,,-0.003277240695360562,,,0.004561982954402957,,,,,,,,,,0.0025760752195175107,,,,,,,,,,,,-0.0005492973026514198,,,,,,,,,,-0.005309868808290218,,,0.001957866872380848,,,,,,,,,,,,,,,,-0.0011812568888558755,,,,,,,-0.003897100914645291,,,,0.003010992090979105,,,,,,,,,-0.001081669741876864,,,,,,,,,,,,,0.0016346084338270432,,,,,,,,,,,-0.0010518866752593284,,,,0.0040825731692730296,,,,,,,,,0.0017390172770459962,,,,-0.0009876669037443065,,,,,,,0.0007862873894923014,,,,-0.0033852043295513404,,,,,,,,-0.0031171566947232636,,,,0.00473348863432768,,,,,,,,,,,,0.0044049198579507245,,,,,,,,0.004697966125364673,,,,-0.004116729522493241,,,,,,,,,,-0.00310412658441679,,,,0.005281909950651648
45349300031,,,,,,,0.00029927647193053037,,,,,,,0.004098464811259171,,,,,,,,0.004165738907299331,,,,0.0034758024385491636,,,,,,,,,0.0029480677729101326,,,0.0025851070266124624,,,,,,,,,,0.002230014946756216,,0.0015417403676955327,,,,,,,,,,0.0011461220562701629,,,,,,,,,,0.00032349730423307684,,,,,,,-0.0012658259655375782,,,,,,,-0.01154760988758996,,,,-0.011792345027342648,,,,,,,,,-0.01237102240191532,,,-0.012682018176341283,,,,,,,,,,-0.013914162066976028,,,,,,,,,,,-0.0152309129784696,,,,,,,,,,,,,-0.01166038117525431,,,,,,,,,,,-0.01090023519417659,,,,-0.010656865457536437,,,,,,,,-0.007706326066267989,,,,-0.015410233661531953,,,,,,,,0.0006490788077974422,,,,3.311080329437218e-05,,,,,,,,-9.523805433547838e-05,,,,0.0021205779852855383,,,,,,,,,,0.010463538054240233,,
45349600031,,,,,,,,0.0098625163539918,,0.007362771956541837,,,,,,,0.007370475904120487,,,,,,,,,,0.006453691449572019,,,0.005913604408750803,,,,,,,,,0.003137396309709317,,,,,,,,,,,,,,,0.0004384614622290775,,,,,,,,,-0.001314921931146151,,,,,,,,-0.003854923089922436,,-0.0026116170825254913,,,,,,-0.007574601023508265,,,,,,,,,,-0.007122792931340406,,-0.010354440893687878,,,,,,,,,,-0.012902596362603675,,,,,,,,,,,,,,,,,,,,,,,,-0.018239960988200157,,,-0.018201107288984626,,,,,,,,,,-0.017407115763453895,,-0.01644547006399223,,,,,,,,,,-0.003891021008429568,,-0.0024201168642217275,,,,,,,,,,0.0034594624703372153,,0.0024210909475630145,,,,,,,,,,0.0048500225397134,,0.006185986082221202,,,,,,,,,,0.007053925510986412,,,0.006561246174581612,,,,,,,,
45347900011,,0.029400231300711236,,,,,,,-0.00012663873797309706,,0.0007365005962506374,,,,,5.556554528989778e-05,,,0.0036765171659462114,,,,,,,,,,0.10042631516117623,,,0.003041061152352292,,,,,,,,,0.0003317750520272067,,,0.02901990663678694,,,,,,,,,-0.019176013490673303,,0.06976159855052873,,,,,,,-0.029412579047127907,,,0.033985916289147454,,,,,,,0.008797809210415918,,,,,,-0.1069363570839894,,,-0.08923925583685906,,,,,,,,,-0.1511588725980628,,,-0.15235506593339296,,,,,,,,,,,,,,,,,,,,,,,,,,,,,,,,,,,,,,,,,,,,,,,,,,,,,,,,,,-0.13915015442159706,,,-0.12476340773956959,,,,,,,,,-0.06943567474182213,,,0.010999314919146729,,,,,,,,,0.10042631516117623,,,0.08292258515459658,,,,,,,,,,-0.012458674330457258,,,0.042688385942297125,,,,,,
45349300151,,,0.0014926363883997584,0.0009479490673509411,,,,,,,,,,0.0010309503953114339,,,,,,,,0.0004687479747582774,,,,,,,,,,,,,0.00033134262376119524,,,,,,,,,,0.00015769091455335426,,,0.0010679252626723647,,,,,,,,,,,,,,,,,,-0.0010063061461362546,,,,,,,,,,,,,,,,-0.002758738762308637,,-0.002555166416861283,,,,,,,,,,-0.002622119920835212,,,-0.0031559071330932256,,,,,,,,,,,,,-0.003729948379267145,,,,,,,,-0.003283162752691701,,,-0.0014293299763951924,,,,,,,,,,-0.003826840648873594,,,-0.003461753820013345,,,,,,,,,-0.004258266009249339,,-0.004150575951327634,,,,,,,,,,0.0032858733599848643,,0.015380049234346976,,,,,,,,,,0.00015347012997545353,,,,,,,,,,,,,,0.0018855507526787042,,,,,,,,,,,0.017352855975800333,,,0.008016556595767962,,
45349600011,,,,,,,,0.0021969211037463766,,0.002029828843718149,,,,,,,0.0020699395409673428,,,,,,,,,,0.001709932857351775,,,0.0014428143215226659,,,,,,,,,0.0006240565996996155,,,,,,,,,,,,0.00010204000661284279,,,-0.00013024009405051637,,,,,,,,,,,,,,,,,-0.0026591082979178634,,-0.0029075414037960873,,,,,,,,,,,,,,,,-0.006573399286309498,,-0.0062600887254269984,,,,,,,,,,-0.008298332134800537,,,,,,,,,,,,,,,,,,,,,,,,-0.011726464665071872,,,-0.01160649166884906,,,,,,,,,,-0.011017475679631933,,-0.010342977694003613,,,,,,,,,,-0.0027618552068209507,,-0.0022153031842605847,,,,,,,,,,0.0005320186761986005,,3.4081397309218756e-05,,,,,,,,,,0.0009733570864782206,,0.0015794135032336572,,,,,,,,,,0.0019119737859953478,,,0.0016837212068547224,,,,,,,,
45347300051,,,,,,0.0018707528278865291,,,,,,,0.004935942837464834,,,,,,,,,,,,-0.0004271270940410925,,,,,,,,,,,,-7.648612026697723e-05,,,,,,,,,,,,0.0013420619284219121,,,,,,,,-0.0005240038918106146,,,,,,,,,,,,-0.006138916444075258,,,,,,,,,,,,,,-0.0007750779885197908,,,,0.00778496810550908,,,,,,,,,-0.0009834677102780532,,,-0.0008908849272617828,,,,,,,,,,-0.001148390600009404,,,-0.00039157633327847137,,,,,,,,-0.0005240060345930105,,,,0.00015937571504513406,,,,,,,,,-0.0005652759870265724,,,,0.03359964131991629,,,,,,,-0.0005240038918106146,,,,-0.007234217843022032,,,,,,,,,,,,0.0006217555190352513,,,,,,,,-0.00010269650832038575,,,,0.008547582003809227,,,,,,,,0.01671524093917635,,,,0.009913664883154875,,,,,,,,,,0.02824310060815375,,,
45343000121,0.07858182174417441,,,,,,,0.031282866876912084,,,,,,,,,,-0.0009420402304610561,,,,,,,,,,-0.006846835518770564,,,,,,,,,,,,-0.010301021471680357,,,,,,,,,,,,-0.004025180744691137,,,,,,,,,-0.0018926924372072212,,,,,,,,,,-0.013202862984656167,,,,,,,,,-0.01796501103034199,,,,,,,,,-0.026127714472894626,,,,,,,,,,,,,-0.027127811175200495,,,,,,,,,,,-0.026794091209221726,,,-0.020968954521526903,,,,,,,,,,-0.005762166358810749,,,-0.004110284936778316,,,,,,,,,-0.012680415455729654,,,0.0004196602653228896,,,,,,,,,0.15796964968559812,,,0.02086153490300837,,,,,,,,,0.10701066547197148,,,0.07730923587943309,,,,,,,,,0.15517568926595635,,,0.21456618414303913,,,,,,,,,,,,,0.12292802909082133,,,,,,,
45347300141,,,,,,0.0023981125249636754,,,,,,,0.004437036390354831,,,,,,,,,,,,-0.0004249896084099411,,,,,,,,,,,,-0.00023000147860912967,,,,,,,,,,-0.0030078277296650404,,,,,,,,,,-0.0017228982118489258,,,,,,,,,,,,0.007110426275362326,,,,,,,,,,,,,,-0.00169090325556828,,,,,,,,,,,,,-0.0001913660593413968,,,-0.0006423138397481306,,,,,,,,,,-0.00040295534571795847,,,-0.0005753055349333884,,,,,,,,0.0002970097828173162,,,,0.0001913660588353245,,,,,,,,,-0.00033323048820070844,,,,-0.0005085990695180804,,,,,,,-0.0006740069563502714,,,,0.0004240840901715048,,,,,,,,,,,,0.002193767379765394,,,,,,,,0.017986499823840207,,,,0.01770233755781685,,,,,,,,0.02649757718716575,,,,0.01806487221252778,,,,,,,,,,0.05939062202461837,,,
45347300031,,,,,,0.0026540038708697364,,,,,,,0.006861160099699186,,,,,,,,,,,,0.0002428949577812719,,,,,,,,,,,,0.00014471193484924397,,,,,,,,,,0.0002245637163966199,,-0.004206433391324852,,,,,,,,,,,,,,,,,,,,-0.002402777391769961,,,,,,,-0.0014173691225533454,,,,,,,-0.0003752567672235888,,,,-0.0005584187330698081,,,,,,,,,-0.0006620396247126054,,,-0.0005817217821697262,,,,,,,,,,-0.0005334067937254601,,,-0.00043366974360756574,,,,,,,,4.116871988013848e-06,,,,0.00031636711765260447,,,,,,,,,,,,,-4.1168720051134706e-06,,,,,,,,,,,-0.0016946754067414377,,,,,,,,,,,,-0.0007925366995755696,,,,,,,,0.0013341085466450663,,,,0.012860724653643555,,,,,,,,0.02620416453992956,,,,0.011710876348811902,,,,,,,,,,0.04732621847068929,,,
45349500061,,,0.0023261176894069212,,,,,,,,,0.0018173826674925764,,,,,0.001551588379151576,,,0.001087826669606208,,,,,,,,,,0.00066389311041709,,,-0.0004814054428731809,,,,,,,,,,,,-0.0010323992609250485,,,,,,,,,,,-0.001753297556106155,,,,,,,,,,-0.0030137203009673688,,,,,,,,,,,,,,,,-0.006476444480122109,,,,,,,,,,,,-0.008467717039353628,,,,,,,,,,,,,-0.010394312710489085,,,,,,,,-0.010532428566942005,,,-0.010135504888391917,,,,,,,,,,2.108713709830659e-05,,,4.8020311549442404e-05,,,,,,,,,,,,-0.0010006578356651806,,,,,,,,,-0.001480682308238784,,,0.0019792258956086778,,,,,,,,,,,,0.0013742249975879017,,,,,,,,,0.0012589682249207865,,,0.0041553990394098276,,,,,,,,,,0.0015759450224310603,,,0.025931578634512262,,,,,
45347800011,,0.03216981276026557,,,,,,,0.027025659683083174,,0.007093234421102512,,,,,0.02524748629930644,,,0.004956575362387088,,,,,,,,,,0.022031189778895354,,,0.006526448219528855,,,,,,,,,0.005298514135364843,,,0.011199514204589138,,,,,,,,,-0.012175928547450426,,-0.016502113883106035,,,,,,,-0.05025740937296305,,,-0.05708589314734795,,,,,,,-0.08164907283431624,,,,,,-0.11617895531224884,,,-0.12721659960602968,,,,,,,,,-0.14134880537735306,,,-0.14662109368920215,,,,,,,,,,,,,,,,,,,,,,,,,,,,,,,,,,,,,,,,,,,,,,,,,,,,,,,,,,,,,,,,,,,,,,,,,-0.08942897263046377,,,,,,,,,-0.006397553606580518,,,-0.00025149417426880783,,,,,,,,,,0.002754476934960552,,,0.028318527275979357,,,,,,
45347300151,,,,,,0.0013721839711266757,,,,,,,0.0053761505829534465,,,,,,,,,,,,,,,,,,,,,,,,,,,,,,,,,,-0.001301109983670289,,,,,,,,,,-0.00018557687359997495,,,,,,,,,,,,-0.0012110542295419656,,,,,,,-0.0013564235000960065,,,,,,,-0.00021034064185352735,,,,,,,,,,,,,0.00040605684010358123,,,-0.0011644873250934397,,,,,,,,,,-0.0007130190172583253,,,-0.0010727781139350417,,,,,,,,0.0011977161397061144,,,,-0.0005369568063919457,,,,,,,,,-0.0011546089159090753,,,,-0.0010732933130089615,,,,,,,0.009697114006646464,,,,-0.0004961044485341132,,,,,,,,,,,,0.001439673993921005,,,,,,,,0.01878988213728821,,,,0.028393757073170215,,,,,,,,0.03794788771290903,,,,0.028539613764820584,,,,,,,,,,0.06509923371256625,,,
45347300131,,,,,,0.013016245880225066,,,,,,,0.014437084278721356,,,,,,,,,,,,0.011983368619522046,,,,,,,,,,,,0.01147766084709191,,,,,,,,,,0.012182647992062038,,,,,,,,,,,,,,,,,,,,,,0.0034252204401062085,,,,,,,,,,,,,,-0.000998970266269875,,,,,,,,,,,,,-0.005752932171203079,,,-0.006693097801043643,,,,,,,,,,-0.006995667125902986,,,-0.007364635234097278,,,,,,,,-0.006575694125625433,,,,-0.007009008704959031,,,,,,,,,-0.004705317758387711,,,,-0.006936185063912937,,,,,,,-0.00897693255432902,,,,-0.006193618756783071,,,,,,,,,,,,-3.8218757899254714e-05,,,,,,,,0.009407201992705998,,,,0.01666128064235147,,,,,,,,0.0207321739263127,,,,0.01575420029809778,,,,,,,,,,0.061833155130873826,,,
45349300191,,,0.0027343318393850775,,,,,,,,,0.0013996095576622484,,,,,,,,,,0.0007630485186050346,,,,,,,,,,,,,0.0003977413716095167,,,,,,,,,,-2.207204847592365e-06,,,-0.00010960746636368875,,,,,,,,,,,,,,,,,,-0.001789132174227774,,,,,,,,,,,,,,,,-0.004107461487480626,,-0.004115733478883413,,,,,,,,,,-0.0058151079805826575,,,-0.005861620475790118,,,,,,,,,,,,,-0.007972065942336942,,,,,,,,-0.004032541443029991,,,-0.005793745221161237,,,,,,,,,,-0.005029891716687682,,,0.0075319748151531935,,,,,,,,,,,-0.004664952518894872,,,,,,,,,,0.006538451094400233,,0.0016884799963429878,,,,,,,,,,0.0010904007681884383,,,,,,,,,,,,,,7.612577475874626e-05,,,,,,,,,,,0.019420842366611776,,,0.007330978159902665,,
45349900041,,,,,,,,0.005350882380816657,,0.0026618878767029164,,,,,,,0.0023067798501753096,,,,,,,,,,,,,0.001720701099449008,,,,,,,,,0.0014008005193522377,,,,,,,,,,,,0.0006199289773691152,,,,,,,,,,-0.0010271836851185971,,,,,,,,,,-0.0021553699375356566,,,,,,,,,,,,,,,,,,-0.005193167390332197,,,,,,,,,,,,-0.006602252705774756,,,-0.006671079805359238,,,,,,,,,,,,,,,,,,,,,-0.00907588206199971,,,-0.009278217148484317,,,,,,,,,,-0.008040573228869297,,-0.007651036725660427,,,,,,,,,,-0.002158426438889918,,-0.0019980539741378802,,,,,,,,,,0.0009218380126446388,,3.802832573474379e-05,,,,,,,,,,0.0024906772282565597,,0.002243458311079789,,,,,,,,,,0.0023943159280134137,,,0.0021041062948319277,,,,,,,,
45343000051,0.012728187433052467,,,,,,,0.00500457752366343,,,,,,,0.002617491397493906,,,,,,,,,,,,,0.00046305630064781897,,,-0.000783363778183695,,,,,,,,,,,,,,,,,,,,,-0.0001970812222796941,,,,,,,,,,,,,,,,,,,-0.0019327420102703181,,,-0.0018472426208303067,,,,,,-0.0020824142972736114,,,,,,,,,-0.0020755354307446477,,,,,,,,,,,,,-0.002094474088265055,,,,,,,,,,,-0.0013384356792435622,,,,,,,,,,,,,-0.0014378493615394665,,,-0.0008305116749036581,,,,,,,,,-0.0014075032361069327,,,-2.7523495475284686e-05,,,,,,,,,0.0272015163881122,,,0.003793587743569305,,,,,,,,,0.012547226215892963,,,,,,,,,,,,0.02409838344131627,,,0.03174580940580498,,,,,,,,,,0.019970932922781372,,,0.020029467741269163,,,,,,,
45347100021,,,,,,0.004058514921258491,,,,,,,0.008505299821002201,,,,,,,,,,,,6.663888583047327e-05,,,,,,,,,,,,-0.0002530137681739155,,,,,,,,,,,,,,,,,,,,,,,,,,,,,,,,-0.0005531533640929908,,,,,,,-0.00030899317937070506,,,,,,,-0.0006953847323396117,,,,-0.00047913650458695296,,,,,,,,,-0.0008480948364836786,,,-0.0008268790553298407,,,,,,,,,,-0.0008026092637762201,,,-0.0007302722361995904,,,,,,,,-0.00025729670326775703,,,,0.00017047285417797755,,,,,,,,,,,,,-0.0003864004861187275,,,,,,,,,,,0.010048225337876884,,,,,,,,,,,,0.0020558426377841536,,,,,,,,0.004991353643423048,,,,0.026327359602088443,,,,,,,,0.03197048628451315,,,,0.009424537588053903,,,,,,,,,,0.03803597121992318,,,
45343000101,0.005968981964116404,,,,,,,0.0016243409093773772,,,,,,,0.00027822118776972527,,,-0.0005947116298872042,,,,,,,,,,-0.0010308544723009558,,,-0.00080394080974937,,,,,,,,,,,,,,,,,,,,,,,,,,,,,,,,,,,,,,,,,,,,,,,,,-0.0009823760938081122,,,,,,,,,-0.000890533544037119,,,,,,,,,,,,,-0.001470336916538994,,,,,,,,,,,-0.00137765373456482,,,-0.001381022424430449,,,,,,,,,,-0.0007690967189209583,,,-0.0005388312365394348,,,,,,,,,-0.000838375124941796,,,0.00021054169854492906,,,,,,,,,0.011384105627919631,,,0.0012200182420613762,,,,,,,,,0.004989766010424858,,,0.002125781012985583,,,,,,,,,0.010510148115297636,,,0.013645914849562905,,,,,,,,,,,,,0.007919750243150968,,,,,,,
45349500031,,,0.0018866698487794444,,,,,,,,,0.0025227775435891406,,,,,,,,,,0.0009948953037198502,,,,,,,,,,,,,0.00031118282841350356,,,,,,,,,,,,,-0.00028460519060429234,,,,,,,,,,,,,,,,,,-0.0019241428851274201,,,,,,,,,,,,,,,,-0.004088795797556294,,,,,,,,,,,,-0.005149721717190236,,,-0.005326845770340927,,,,,,,,,,,,,-0.006178442755976335,,,,,,,,-0.0068061666377278625,,,-0.005139499258351598,,,,,,,,,,-0.003815449401743109,,,0.0007541572657045411,,,,,,,,,-0.004291634362936528,,-0.003951281374802045,,,,,,,,,,0.0033380155183619226,,,,,,,,,,,,0.0016518272736669602,,,,,,,,,,,,0.002358225252144478,,0.0011342546486073793,,,,,,,,,,,0.024192582865759333,,,0.00519245551512988,,
45347700011,,0.015900700395936496,,,,,,,,,0.012060944277847697,,,,,-0.00045590558066468516,,,-0.0002868397565926073,,,,,,,,,,-0.0004701453166596022,,,-0.00048437694022252534,,,,,,,,,,,,,,,,,,,,,,,,,,,,,,,,,,,,,,,,,,,,,,,,,0.005852846599959449,,,,,,,,,-0.000596137050261105,,,0.0005125552076714902,,,,,,,,,,-0.0006147013090438994,,,-0.00022674920283684483,,,,,,,,,,,,,,,,,,,,,-0.00022697250525297952,,,-0.0001252566159579602,,,,,,,,,-0.0005191994971426712,,,0.00016563194686330447,,,,,,,,,-0.0004833657558455433,,,-8.752625011502093e-05,,,,,,,,,,,,0.011978308333262465,,,,,,,,,0.013941057282469266,,,0.03857538880635292,,,,,,,,,,0.02821910669813513,,,0.052963692059647134,,,,,,
45343000031,,,,,,,,0.011823523784627813,,,,,,,0.006331337750354622,,,,,,,,,,,,,,,,,,,,,,,,,,,,,,,,,,,,,,,,,,,,,,-0.0027321437696117595,,,,,,,,,,,,,-0.002666767934877365,,,,,,,,,,,,,,,-0.0034272884614488033,,,-0.0031136193282354737,,,,,,,,,,-0.0032997461629290683,,,-0.003354782782303077,,,,,,,,-0.0032474932571623224,,,-0.0028894786538631906,,,,,,,,,,-0.001337643573556598,,,0.000465804307230247,,,,,,,,,-0.0013484515393265928,,,1.177321541654815e-05,,,,,,,,,0.0540889010777839,,,0.009136265607952323,,,,,,,,,0.029224214970167906,,,0.01617558914314784,,,,,,,,,0.05084303094613546,,,0.05735666030327825,,,,,,,,,,0.04277860709345398,,,,,,,,,,
45343000381,0.0001866863041428077,,,,,,,2.2718301260410317e-05,,,,,,,2.927716237720509e-05,,,-5.5191131621561314e-05,,,,,,,,,,-8.957595150305345e-05,,,-2.516433994366232e-07,,,,,,,,,-0.00010403142681844289,,,-0.0001682421443556157,,,,,,,,,,,,,,,,,,,,,-0.00015482606746875993,,,,,,,,,,-0.00018449217657290378,,,,,,,,,,,,,,,-0.00019037113094234892,,,,,,,,,,,,,-0.0003192558107741139,,,,,,,,,,,-0.00022977518781484523,,,,,,,,,,,,,,,,,,,,,,,,,,,,,,,,,,,,,1.641098217149095e-05,,,0.00017939516797474495,,,,,,,,,9.146364530929218e-05,,,-3.4611919572031456e-07,,,,,,,,,0.0001501595920047589,,,0.0012727249306132367,,,,,,,,,,0.00043636486303397784,,,0.0002702990392321092,,,,,,,
45343000371,0.00042995640676116517,,,,,,,0.00023956917070368268,,,,,,,0.00018324447185355782,,,9.698709480133201e-05,,,,,,,,,,0.00011488538039144695,,,,,,,,,,,,-9.163690684483243e-06,,,-6.210786248176223e-05,,,,,,,,,,,,,,,,,,,,,-0.0001214537161668499,,,,,,,,,,-0.0001359373682008783,,,,,,-0.00022202846639383152,,,,,,,,,-0.00033185222447343414,,,,,,,,,,,,,-0.0002605947008357981,,,,,,,,,,,-0.0002722901906328659,,,,,,,,,,,,,-0.00012634701136037395,,,-0.00010783681409390137,,,,,,,,,,,,,,,,,,,,,,,,6.710449644926576e-06,,,,,,,,,,,,0.00015459374136548985,,,,,,,,,0.0007439517190831704,,,0.0014153875506596328,,,,,,,,,,0.0009871089951270743,,,0.0006631758962735505,,,,,,,
45349300171,,,0.0013417602075015613,0.00043533855486723366,,,,,,,,,,0.0011252122576591564,,,,,,0.00022988533409819194,,-6.950553509237504e-05,,,,,,,,,,,,,-0.00019670928810086954,,,,,,,,,,-0.00043768116518784315,,,-0.0003034288263788724,,,,,,,,,,,,,,,,,,-0.0007533874981066237,,,,,,,,,,,,,,,,-0.00088838166743131,,-0.0011748283976108474,,,,,,,,,,,,,-0.001259556081796165,,,,,,,,,,,,,,,,,,,,,,,,0.0026594320491879586,,,,,,,,,,-0.0011181870291067874,,,,,,,,,,,,,,-0.001180544384974982,,,,,,,,,,0.0033772428685210224,,,,,,,,,,,,2.624299230938322e-05,,,,,,,,,,,,0.002837463784005367,,0.00202041110267427,,,,,,,,,,,0.012536693576344274,,,0.010484915094006009,,
45349300161,,,0.0007333395404832014,,,,,,,,,,,,,,,,,0.0007005223499915177,,0.00028430695342537116,,,,,,,,,,,,,2.451552621955103e-05,,,,,,,,,,-0.0003669352653379968,,,-0.00032442369484066163,,,,,,,,,,-0.0009265963817138639,,,,,,,,-0.001500993274989127,,-0.0016142093931659706,,,,,,,,,,,,,,-0.00284638860567082,,,,,,,,,,,,-0.0033465365921816403,,,-0.003548893470759461,,,,,,,,,,,,,,,,,,,,,,,,0.0031313431101996905,,,,,,,,,,-0.0034407992092661526,,,,,,,,,,,,-0.0036746133985791508,,,,,,,,,,,,6.333107841657406e-05,,,,,,,,,,,,0.0002638846264441437,,0.00012172084449780165,,,,,,,,,,,,0.0008186483398962447,,,,,,,,,,,0.007799157638455996,,,0.0059940661139636165,,
45349800011,,,,,,,,0.0028045024702835777,,,,,,,,,0.00197883732796996,,,,,,,,,,,,,0.0013043473227576684,,,,,,,,,,,,0.0011846041940149533,,,,,,,,,,,,-2.482839415895901e-05,,,,,,,-0.0008701683474358847,,,,,,,,,,-0.001890023305722985,,,,,,,,,,,,,,,,,,-0.004319185526505643,,,,,,,,,,,,-0.005329405432392953,,,,,,,,,,,,,,,,,,,,,,,,-0.006865945151115931,,,-0.0070197811774597415,,,,,,,,,,-0.0065668296584853675,,-0.006156842994219918,,,,,,,,,,-0.0017036361134770436,,-0.0015244899050975394,,,,,,,,,,0.0006726532049952098,,9.766282671544373e-05,,,,,,,,,,0.001508718931330661,,0.0016670217273244573,,,,,,,,,,0.0017997165101114256,,,0.0016031941173920159,,,,,,,,
45349100131,,,,,,,0.00567176741981997,,,,,,,,,,,,,,,0.005586384242184687,,,,,,,,,,,,,,,,0.003013293101157738,,,,,,,,,,0.001129809120870494,,,,,,,,,,,,0.0003376114160690126,,,,,,,,,,-0.004477972229471531,,,,,,,-0.009926298034238478,,,,,,,,,,,-0.008007525960693956,,,,,,,,,-0.010280971824568485,,,,,,,,,,,,,-0.013825974522530586,,,,,,,,,,,-0.017097857575046112,,,,,,,,,,,,,,,,,,,,,,,,-0.015294643284042569,,,,-0.015203719083398107,,,,,,,,0.0020401433839305418,,,,0.002629700723768081,,,,,,,,-0.00035350704941775426,,,,-0.0004186084472051655,,,,,,,,0.0004121867978403824,,,,0.00169734568279874,,,,,,,,,,0.00975620084038395,,
45347500051,,0.02151074377834108,,,,,,,,,0.014250086143348592,,,,,0.00022716056579929724,,,,,,,,,,,,,-0.00022716057755013062,,,,,,,,,,,,,,,,,,,,,,,,,,,,,,,,,,,,0.0018665401558872188,,,,,,,,,,,,,,,,,,,,,,,,,-0.0005695230103977581,,,-0.0007240655164254177,,,,,,,,,,,,,,,,,,,,,-0.0005461160255196743,,,-0.0019234620572187305,,,,,,,,,,-0.00026664224014390263,,,-0.0006617408901596161,,,,,,,,,-0.0008777619957527507,,,-0.0015089045869684332,,,,,,,,,-0.0009110393979226623,,,0.0005283492594382084,,,,,,,,,,,,0.006668428725875734,,,,,,,,,0.012749458807512166,,,0.039170059979260916,,,,,,,,,,0.03477590067905411,,,0.05296976413865518,,,,,,
45349300121,,,,-0.000254849335811456,,,0.0003534357970471823,,,,,,,0.00048640985248607076,,,,,,,,0.0002390569960629566,,,,,,,,,,,,,-0.0007980136608626938,,,,,,,,,,,,,-0.0017633636195931721,,,,,,,,,,,,,,,,,,,,,,-0.00262057294732769,,,,,,,,,,,,,,-0.0035555267985828047,,,,,,,,,,,,,-0.003445504137835414,,,,,,,,,,,,,-0.003808872001266998,,,,,,,,,,,0.06196687186226881,,,,,,,,,,,,,-0.0017385487216197515,,,,,,,,,,,-0.00304029673303938,,,,-0.0027192023033312525,,,,,,,,0.05576185480583418,,,,0.0008855514866659432,,,,,,,,0.001461753749480529,,,,,,,,,,,,0.005386174028327974,,,,0.0017871576030003044,,,,,,,,,,0.019485742946980075,,
45349900941,,,,,,,,,,,,,,,,,,,,,,,-4.8522326008014774e-05,,,,,,,,,,,,,,,,,,,,,,,,,,,,,,,,,,,,,,,,,,,,-0.00013664325940282652,,,,,,,,,,,,,,,,,,0.001790324158657989,,,,,,,,,,-0.0005583924778564054,,,0.0018249764963150427,,,,,,,,,,-0.00027651269841947695,,,-0.000308400406197633,,,,,,,,,,,0.00016022389063758278,,,,,,,,,,-0.00016161057132719147,,,0.0013291844321546096,,,,,,,,,5.966418591237798e-05,,0.001404311861324443,,,,,,,,,,-0.00011692946635128511,,,,,,,,,,,,-0.00011460207254023289,,6.426409357553466e-05,,,,,,,,,,-1.143201374571609e-05,,0.000624682516026003,,,,,,,,,,,0.00010964691494855382,,,5.98975570266214e-07,
45347300021,,,,,,0.002732696681580446,,,,,,,0.006487647141918027,,,,,,,,,,,,-3.8514020129079004e-05,,,,,,,,,,,,,,,,,,,,,,-0.0004978684806852948,,,,,,,,,,,,,,,,,,,,,,-0.0009232479840300806,,,,,,,0.004153705639916596,,,,,,,-0.0015703803603048872,,,,-0.0013234222586057714,,,,,,,,,-0.0016861634432673825,,,,,,,,,,,,,-0.0012808882181941123,,,-0.0012074289459631405,,,,,,,,-0.0007912606468668294,,,,2.2784766981913037e-05,,,,,,,,,,,,,-0.0003720597642031738,,,,,,,,,,,0.0018765728947153849,,,,,,,,,,,,7.346754771461175e-05,,,,,,,,0.0018135636848237897,,,,,,,,,,,,0.017664439403721182,,,,,,,,,,,,,,0.03135690558622396,,,
45349300111,,,,0.00021506329482749194,,,0.00014942253174175107,,,,,,,0.00035919796948970966,,,,,,,,7.932036566025747e-06,,,,,,,,,,,,,-0.0013503978054493293,,,,,,,,,,,,,-0.002452434794684918,,,,,,,,,,,,,,,,,,,,,,-0.006887269955598604,,,,,,,,,,,,,,-0.008620048951369044,,,,,,,,,,,,,-0.00728052818807895,,,,,,,,,,,,,-0.005825730853173219,,,,,,,,,,,0.03169496481557128,,,,,,,,,,,,,-0.005310579245186934,,,,,,,,,,,-0.006444509127443738,,,,-0.006779859793034295,,,,,,,,,,,,0.0008083647707468392,,,,,,,,,,,,0.0016033500339795376,,,,,,,,0.0013637083350702722,,,,0.0005698940626501765,,,,,,,,,,0.007625703126530188,,
45349100031,,0.0042044925079315525,,,,,,,0.005754841379463438,,,,,,,0.01070483950049286,,,,,,,,,,,,,0.011032772474412072,,,,,,,,,,,,,,,,,,,,,,,,,,,,,,,,,,,,0.010467111993674574,,,,,,,,,,,,,,,,,,,,,,,,,8.852960772744526e-05,,,-0.0001224457773850301,,,,,,,,,,-0.0007409470774516508,,,-0.0003698195062560942,,,,,,,,-0.0006627013382554009,,,-0.00019195674427530647,,,,,,,,,,0.0009813782660904303,,,0.000972723926827375,,,,,,,,,0.0019879107930916183,,,,,,,,,,,,-0.006956831206767302,,,-0.007158840779386196,,,,,,,,,-0.0032244125914731854,,,-0.0039942235450601575,,,,,,,,,,,,,,,,,,,,,,,,,,,,,,,
45349100041,,,,,,,-0.0009422705995456394,,0.0029828944019874857,,,,,,,0.004770976572316612,,,,,,,,,,,,,0.00491863070636903,,,,,,,,,,,,,,,,,,,,,,,,0.004756929138765219,,,,,,,,,,,,,,,,,0.005231420220949818,,,,,,,,,,,,,,,,,,,,-0.005721831663516867,,,,,,,,,,,,,-0.006603386123055363,,,,,,,,,,,-0.0064398115700221355,,,,,,,,,,,,,-0.004907704879987842,,,,,,,,,,,,-0.0038738138090312533,,,,,,,,,,-0.009194669240124366,,-0.008681469696164524,,,,,,,,,,-0.00813330764843217,,,,,,,,,,,,0.005406857052697891,,0.008477938145325629,,,,,,,,,,0.000942270602341934,,,0.012331305191610225,,,,,,,,,
45347300011,,,,,,0.0025728699959182222,,,,,,,0.004624891492360808,,,,,,,,,,,,-0.00024584352402046687,,,,,,,,,,,,,,,,,,,,,,,,-0.00036722034059930145,,,,,,,,,,,,,,,,,,,,-0.0006011065588511212,,,,,,,-0.000332465833283216,,,,,,,,,,,,,,,,,,,,,,,-0.0004409572528363824,,,,,,,,,,-0.0006887756491929906,,,-0.0003842516592741741,,,,,,,,,,,,-0.00032565226120632903,,,,,,,,,,,,,-0.0005392738980567772,,,,,,,,,,,-0.0005960199735974976,,,,,,,,,,,,0.0002882119094560114,,,,,,,,0.0009062201066823935,,,,0.012419596159267654,,,,,,,,0.01906607153363996,,,,0.006467180688759189,,,,,,,,,,0.03376796727060219,,,
45349900981,,,,,,,,,,,,,,,,,,,,,,,0.00023421239164179799,,,,,,,,,,,,,0.00017869195055041288,,,,,,,,,,,,,,,,,,,,,6.973575672754787e-05,,,,,,,,,,-2.587054608337016e-05,,,,,,,,,,,,,,,,,,,,,,,,,,,,-5.795389825436907e-05,,,-6.040173815695522e-05,,,,,,,,,,,,,,,,,,,,,,,,-0.00014901103561312017,,,,,,,,,,-5.591941920988562e-05,,,,,,,,,,,,0.00012337182904813428,,,,,,,,,,,,-1.0494028686600011e-05,,-7.234686529178533e-05,,,,,,,,,,7.877819408906145e-08,,-6.761547190248128e-05,,,,,,,,,,0.0002166540255523169,,0.00021252081962026614,,,,,,,,,,,0.00025188581578583605,,,0.00021743024119309085,
45349100071,,,,,,,0.002216681172046832,,,,,,,,,,,,,,,,,,,,,,0.001988886571161359,,,,,,,,,,,,0.0033005881752411845,,,,,,,,,,,,0.0017291734452943924,,,,,,,0.0021692125964268808,,,,,,,,,,0.0016443301868995317,,,,,,,0.0011246311273976652,,,,,,,,,,,,,-4.247984231910139e-06,,,,,,,,,,,,,-0.0013500093804285854,,,,,,,,,,,-0.0035383139965808183,,,,,,,,,,,,,-0.0018568864681628577,,,,,,,,,,,,-3.72577407478241e-05,,,,,,,,,,-0.006026126793876502,,-0.0052030390938000645,,,,,,,,,,-0.0030861588886257497,,,,,,,,,,,,8.086808224274886e-05,,,,,,,,,,,,-0.0008974210657218995,,,,,,,,,,,,
45349100061,,,,,,,0.0020009005344040725,,0.0015668414426869175,,,,,,,,,,,,,,,,,,,,0.0017838709920344844,,,,,,,,,,,,0.0029455742567906984,,,,,,,,,,,,,,,,,,,0.0019151094525182702,,,,,,,,,,0.0014691417056430206,,,,,,,0.0009711646208869892,,,,,,,,,,,,,1.2394723446375482e-05,,,,,,,,,,,,,-0.001168508428301167,,,,,,,,,,,-0.0031771860125805033,,,,,,,,,,,,,-0.0016786371990657795,,,,,,,,,,,,-1.8214066760874353e-11,,,,,,,,,,-0.005412371343084151,,-0.004711946889472921,,,,,,,,,,-0.002711046428530917,,,,,,,,,,,,-0.0008253441439776477,,,,,,,,,,,,-0.0007230267509888863,,,,,,,,,,,,
45349100111,,,,,,,0.0001465385811015256,,,,,,,,,,,,,,,0.0004189082663657131,,,,,,,,,,,,,0.00010117730123842297,,,,,,,,,,,,,,,,,,,,,,,,,,,,,,,,,,,8.863933074133501e-05,,,,,,,-0.0010404884445045916,,,,,,,,,,,,,,,,,,,,-0.0007981122278775668,,,,,,,,,,,,,-0.0002636949523756661,,,,,,,,,,,-0.0001678810702658999,,,,,,,,,,,,,,,,,,,,,,,,-0.0002444783495452457,,,,-0.0002306718009258083,,,,,,,,-0.0002669068258896378,,,,-0.00011723472458744011,,,,,,,,,,,,0.0046571436382258444,,,,,,,,0.004829469396520172,,,,0.0006268940089514988,,,,,,,,,,0.02397539077377002,,
45347900021,,0.06220387200108154,,,,,,,,,0.045274675196143345,,,,,,,,0.03968052279278043,,,,,,,,,,,,,0.05021432963873351,,,,,,,,,,,,0.0579447951200623,,,,,,,,,,,0.019701404324805685,,,,,,,,,,-0.010262867433228315,,,,,,,,,,,,,,,,,,,,,,,,,,,,-0.11047699695511488,,,,,,,,,,,,,-0.1159817241258447,,,,,,,,,,,-0.11695943067691847,,,,,,,,,,,,,-0.11565024678366076,,,,,,,,,,,,-0.11430300651632266,,,,,,,,,,,,-0.11130017292006046,,,,,,,,,,,,-0.01569528103361812,,,,,,,,,,,,0.07723193147068522,,,,,,,,,,,,,0.08717410538147188,,,,,,
45343000021,,,,,,,,0.013393307741104971,,,,,,,0.007303029126897961,,,,,,,,,,,,,,,,,,,,,,,,,,,,,,,,,,,,,,,,,,,,,,,,,,,,,,,,-0.0025893852197123573,,,,,,,,,,,,,,,,,,-0.0035385016224550553,,,-0.003245482023722715,,,,,,,,,,-0.003467221211438809,,,,,,,,,,,,,,-0.0029753674178265442,,,,,,,,,,-0.0012482213041043444,,,0.0009468626234557107,,,,,,,,,-0.0010565971689273268,,,-7.454530127042049e-05,,,,,,,,,0.05999463669547819,,,0.010547385510487766,,,,,,,,,,,,,,,,,,,,,,,,0.06358631844571332,,,,,,,,,,0.04635711765874609,,,,,,,,,,
45350000195,,,,,,,,,,,,,,,-0.004248927431876566,,,,,,,,,,,,,0.0009026218896732588,,,,,,,,,,,,0.00811479093984301,,,,,,,,,,,,-0.009503948043218203,,,,,,,,,-0.008495653346949053,,,,,,,,,,0.005241811510517149,,,,,,,,,,,,,,,,,,-0.00507889926701515,,,,,,,,,,,,,0.003121750828187028,,,,,,,,,,,0.0032934691389053567,,,,,,,,,,,,,-0.002168494052019905,,,,,,,,,,,,0.0022565547241831458,,,,,,,,,,,,-0.0030380931896319494,,,,,,,,,,,,-0.004816918767329498,,,,,,,,,,,,0.0067190292860555825,,,,,,,,,,,,,0.0,,,,,,,,,,
45341000101,,,0.01967998469568304,,,,,,,,,0.01013439366752202,,,,,,,,,0.002217469982474741,,,,,,,,,,,,,-0.0008085329619082532,,,,,,,,,,,,4.336403242653324e-13,,,,,,,,,,-0.0036469630873721846,,,,,,,,,,-0.006893085765453663,,,,,,,,,,,,,,,,-0.02727942100691481,,,,,,,,,,,,,-0.03218714727559359,,,,,,,,,,,,,-0.014092797296979603,,,,,,,,,,,-5.8241773110599594e-05,,,,,,,,,,,,,0.0003931320073478197,,,,,,,,,,,,,,,,,,,,,,,0.015432211463516417,,,,,,,,,,,,,,,,,,,,,,,,0.07819476116396559,,,,,,,,,,,,,,0.040888719596713786,,,,
45341000081,,,0.035780498017935286,,,,,,,,,0.01945979856936477,,,,,,,,,-0.0013552865274400337,,,,,,,,,,,,,-0.0016936419899196873,,,,,,,,,,,,-0.00019659303131190254,,,,,,,,,,-5.132838845871742e-06,,,,,,,,,,-0.006286361155236309,,,,,,,,,,,,,,,,-0.005146051146153999,,,,,,,,,,,,,-0.006901219002259864,,,,,,,,,,,,,-0.009716267460729821,,,,,,,,,,,-0.003966420057034012,,,,,,,,,,,,,-0.0004281840860697829,,,,,,,,,,,,,,,,,,,,,,,0.028973387944799492,,,,,,,,,,,,,,,,,,,,,,,,0.10744230617815669,,,,,,,,,,,,,,0.06979778180147235,,,,
45343000041,,,,,,,,0.004649288355540337,,,,,,,-0.0008591605005170581,,,,,,,,,,,,,-0.005912177232496778,,,,,,,,,,,,,,,,,,,,,,,,-0.007614392843158619,,,,,,,,,,,,,,,,,,,,,,,,,,,,,,,,,,,,,,,,,,,,,,,,,,,,,,,,,,,,,,,,,,,,,,,,,,-0.009118520897318603,,,-0.007573757312380976,,,,,,,,,-0.009086905298429026,,,-0.00631372879253463,,,,,,,,,0.06447169407896278,,,0.0014078675549839582,,,,,,,,,0.026486035479753374,,,0.008412765304239499,,,,,,,,,0.058024356647455845,,,0.06917887405139268,,,,,,,,,,,,,,,,,,,,
45349300141,,,,,,,,,,,,,,0.001891960641058223,,,,,,,,0.0007588835283972896,,,,,,,,,,,,,0.0005276119749741902,,,,,,,,,,,,,-0.0001232230159823698,,,,,,,,,,,,,,,,,,,,,,,,,,,,,,,,,,,,-0.0038522367950647443,,,,,,,,,,,,,-0.0045936380342800395,,,,,,,,,,,,,-0.00592486624278025,,,,,,,,,,,-0.001554599499183117,,,,,,,,,,,,,-0.0048710578271647376,,,,,,,,,,,-0.0055188928077115,,,,,,,,,,,,0.016425656796302604,,,,,,,,,,,,0.00293217096866088,,,,,,,,,,,,6.199889191648626e-05,,,,,,,,,,,,,,0.004140206671744092,,
45349300011,,,,0.0015595660669554818,,,,,,,,,,0.001447236507495375,,,,,,,,0.0013160719244400007,,,,,,,,,,,,,0.0008752765675580954,,,,,,,,,,,,,,,,,,,,,,,-0.00041290279133156585,,,,,,,,,,,,,,,,,,,,,,,,,,,,,,,,,,,,,,,-0.0005402899748283432,,,,,,,,,,,,,-0.0007692209307345153,,,,,,,,,,,-0.0008590669516647258,,,,,,,,,,,,,-9.355977352804395e-05,,,,,,,,,,,9.39781721469163e-05,,,,,,,,,,,,-0.000406071864359057,,,,,,,,,,,,-0.0006002656958091008,,,,,,,,,,,,0.00042737945618623427,,,,,,,,,,,,,,0.006167462561723983,,
45347100011,,,,,,0.006373246488123695,,,,,,,,,,,,,,,,,,,0.0006201319256624581,,,,,,,,,,,,-0.00010842641321903249,,,,,,,,,,,,,,,,,,,,,,,,,,,,,,,,-0.00024654875896716827,,,,,,,-0.0002283574655056303,,,,,,,,,,,-0.00043994039808373085,,,,,,,,,,,,-0.0007953452989187907,,,,,,,,,,,,,-0.0006411758577190176,,,,,,,,,,,,0.0007182702107377152,,,,,,,,,,,,,7.29547697717827e-05,,,,,,,,,,,0.03844202214356102,,,,,,,,,,,,0.013492434881843159,,,,,,,,,,,,0.036244163339116196,,,,,,,,,,,,,,,,,,,,,,,,,
45347700071,,,,,,,,,0.028372840144311854,,,,,,,0.012006103665370043,,,,,,,,,,,,,0.019892331891599002,,,,,,,,,,,,-0.0006159464635881254,,,,,,,,,,,,-0.0009443803440938328,,,,,,,,,-0.028767344439446806,,,,,,,,,,-0.05575913935612194,,,,,,-0.0847581048194199,,,,,,,,,,,,,,,,,,,,,,,,,,,,,,,,,,,,,,,,,,,,,,,,,,,,,,,,,,,,,,,,,,,,,,,,,-0.14809528814567333,,,,,,,,,,,,-0.09184592173446916,,,,,,,,,,,,0.012267457905165039,,,,,,,,,,,,,0.02547244816019258,,,,,,,,,
45345000051,,,,,,0.007348470638182463,,,,,,,,,,,,,,,,,,,-0.0007661785221064239,,,,,,,,,,,,-0.0038035112702750457,,,,,,,,,,,,,,,,,,,,,,,,,,,,,,,,-0.0024464366011518923,,,,,,,-0.002284739153053752,,,,,,,,,,,-0.004018734311866998,,,,,,,,,,,,,,,,,,,,,,,,,,,,,,,,,,,,,0.00023791521410150636,,0.0013996337349008459,,,,,,,,,,,-0.004396929708802259,,,,,,,,,,,0.06795959789798707,,,,,,,,,,,,0.03203935031178997,,,,,,,,,,,,0.06842944186645077,,,,,,,,,,,,,,,,,,,,,,,,,
45345000031,,,,,,,,0.005201094811451395,,,,,,,7.492145748441162e-05,,,,,,,,,,,,,-0.0018792263569492025,,,,,,,,,,,,-0.00387947116284057,,,,,,,,,,,,-0.004284883548744656,,,,,,,,,,,,,,,,,,,,,,,,,,,,,,,,,,,,,-0.005439216287276465,,,,,,,,,,,,,,,,,,,,,,,,,,,,,,,,,,,,,-0.004579946468523427,,,,,,,,,,,,,,,,,,,,,,,,0.02727513438422108,,,,,,,,,,,,0.01179214373581966,,,,,,,,,,,,0.03686450344842419,,,,,,,,,,,,,0.04047354356619128,,,,,,,,,,
45349100171,,,,,,,,,,,,,,,,,,,,,,0.014542195206389795,,,,,,,,,,,,,0.010854784694488365,,,,,,,,,,,,,,,,,,,,,,,-1.8379610953780335e-05,,,,,,,,,,,,,,,,,,,,,,,,,,,,,,,,,,,,,,,-0.0011423721204411221,,,,,,,,,,,,,-0.003107809865844803,,,,,,,,,,,-0.00389169577225963,,,,,,,,,,,,,,,,,,,,,,,,0.004122381568505938,,,,,,,,,,,,-4.384810496592207e-05,,,,,,,,,,,,-0.0034560127337911048,,,,,,,,,,,,0.004754970269165606,,,,,,,,,,,,,,0.033099939722961755,,
45349500071,,,,,,,,,,,,,,,,,0.002130028878090635,,,,,,,,,,,,,0.0014318924783976851,,,,,,,,,,,,,,,,,,,,,,,,,,,,,,,,,,,,,,,,,,,,,,,,,,,,,,,,,,,,,-0.0038737519410917353,,,,,,,,,,,,,-0.004978739136590963,,,,,,,,,,,-0.004495567779303112,,,,,,,,,,,,,-8.82329257020779e-05,,,,,,,,,,,,-4.113157292827388e-06,,,,,,,,,,,,-0.0010406383185620472,,,,,,,,,,,,,,,,,,,,,,,,0.0015690900272354222,,,,,,,,,,,,,0.0024022658725912764,,,,,,,,
45349500081,,,,,,,,,,,,,,,,,0.0012346494802103695,,,,,,,,,,,,,0.0006418678073641011,,,,,,,,,,,,-0.0001314218431518013,,,,,,,,,,,,0.00010217010656930569,,,,,,,,,,,,,,,,,,,,,,,,,,,,,,,,,,,,,,,,,,,,,,,,,,-0.004118668359511578,,,,,,,,,,,,,,,,,,,,,,,,-0.0009440100171970125,,,,,,,,,,,,-0.000971008630141215,,,,,,,,,,,,-0.0014648320963012505,,,,,,,,,,,,,,,,,,,,,,,,0.0006896181495481635,,,,,,,,,,,,,0.0006886932370160825,,,,,,,,
45349100151,,,,,,,,,,,,,,,,,,,,,,0.0028539598479635393,,,,,,,,,,,,,0.0018063833164465087,,,,,,,,,,,,,,,,,,,,,,,,,,,,,,,,,,,,,,,,,,,,,,,,,,,,,,,,,,,,,,-0.006456458155546632,,,,,,,,,,,,,-0.00858606143415111,,,,,,,,,,,-0.010413656029818117,,,,,,,,,,,,,,,,,,,,,,,,-0.009371097363226267,,,,,,,,,,,,0.0007039244348422618,,,,,,,,,,,,-0.0006010475401097331,,,,,,,,,,,,0.0006719765096940275,,,,,,,,,,,,,,0.01874379330113181,,
45349100141,,,,,,,,,,,,,,,,,,,,,,0.003252177159504148,,,,,,,,,,,,,0.0021722686328910215,,,,,,,,,,,,,,,,,,,,,,,,,,,,,,,,,,,,,,,,,,,,,,,,,,,,,,,,,,,,,,-0.007987169096329806,,,,,,,,,,,,,-0.010636505874318896,,,,,,,,,,,-0.012666173909049191,,,,,,,,,,,,,,,,,,,,,,,,-0.01145954633503453,,,,,,,,,,,,0.0007877076414179262,,,,,,,,,,,,,,,,,,,,,,,,-1.44579792255024e-06,,,,,,,,,,,,,,0.011613131659054622,,
45349300051,,,,,,,0.003404630246964387,,,,,,,,,,,,,,,,,,,,,,,,,,,,,,,,,,,,,,,,,,,,,,,,,,,,,0.0003076259440358952,,,,,,,,,,-4.3371257522826813e-07,,,,,,,-0.0007157203489871298,,,,,,,,,,,-0.005707749638425815,,,,,,,,,,,,,,,,,,,,,,,,,,,,,,,,,,,,,,,,,,,,,,,,,,,,,,,,,,,,,-0.005243205917684409,,,,,,,,,,,,-0.006362482928266378,,,,,,,,,,,,0.000695782614904747,,,,,,,,,,,,0.0007922163175005957,,,,,,,,,,,,
45349300071,,,,,,,0.0007960665573444145,,,,,,,,,,,,,,,,,,,,,,,,,,,,,,,0.0004833924073621822,,,,,,,,,,,,,,,,,,,,,,-3.502649439335073e-14,,,,,,,,,,-0.00021761538463853193,,,,,,,-0.0006118930904922162,,,,,,,,,,,,,,,,,,,,,,,,,,,,,,,,,,,,,,,,,,,,,,,,,,,,,,,,,,,,,,,,,,,,,,,,-0.0015856775353318786,,,,,,,,,,,,-0.0016444953276413701,,,,,,,,,,,,0.003430428100524308,,,,,,,,,,,,0.0007407071901399345,,,,,,,,,,,,
45349500181,,,0.004229265096997936,,,,,,,,,,,,,,,,,,,,,,,,,,,,,,,,,,,,,,,,,,,,,,,,,,,,,,,,,,,,,,,0.003525670914183648,,,,,,,,,,,,,,,,0.0014119432538969023,,,,,,,,,,,,,,,,,,,,,,,,,-0.0016562977991099884,,,,,,,,,,,-0.0015942561587822992,,,,,,,,,,,,,-0.000587503430305023,,,,,,,,,,,,6.90541487389795e-06,,,,,,,,,,,,-0.0007972149302563912,,,,,,,,,,,,0.0040089912897336545,,,,,,,,,,,,,,,,,,,,,,,,,,,,,,
45349500161,,,0.008548951450694026,,,,,,,,,,,,,,,,,,,,,,,,,,,,,,,,,,,,,,,,,,0.007651767561698813,,,,,,,,,,,,,,,,,,,,,0.00521988500996407,,,,,,,,,,,,,,,,,,,,,,,,,,,,,,,,,,,,,,,,,-0.002805631890995204,,,,,,,,,,,-0.0008260224234576316,,,,,,,,,,,,,-0.00020167459300606252,,,,,,,,,,,,2.462078132598824e-06,,,,,,,,,,,,-0.0011390916749129522,,,,,,,,,,,,0.008420071037767934,,,,,,,,,,,,,,,,,,,,,,,,,,,,,,
45347700081,,,,,,,,,-5.183027157730976e-14,,,,,,,,,,,,,,,,,,,,,,,,,,,,,,,,,,,,,,,,,,,,,,,,,,,,,,,,,,,,,,,,,,,,,0.006289214900787106,,,,,,,,,,,,0.00029285560117411175,,,,,,,,,,,,,-0.00017034576502987763,,,,,,,,,,,-0.0005721624204707473,,,,,,,,,,,,,-0.0006264353101824746,,,,,,,,,,,,-0.0005974430491877307,,,,,,,,,,,,,,,,,,,,,,,,,,,,,,,,,,,,0.004796238197388295,,,,,,,,,,,,,0.0007406120623515199,,,,,,,,,
45349900281,,,,,,,,,,,,,,,,,,,,,,,,,,,,,,,,,,-2.145926976751695e-05,,,,,,,,,,,,,,,,,,,,,,,,,,,,,,,,,,,,,,,,,,,,,,,,,,,,,,,,,,,,,0.00013220623817819608,,,,,,,,,,,,,-0.0003949680423161842,,,,,,,,,,,,,,,,,,,,,,,,0.0005089713249532687,,,,,,,,,,,,-0.00019234624153785418,,,,,,,,,,,,7.122203926787495e-05,,,,,,,,,,,,0.00026335587271136216,,,,,,,,,,,,-0.0006117327207837803,,,,,,,,,,,,,-0.002029357914813827,,,,
45345000041,,,,,,0.0017706901727189363,,-3.2429006525082513e-13,,,,,,,,,,,,,,,,,,,,-0.0053912437990401825,,,,,,,,,,,,-0.007799650949280852,,,,,,,,,,,,,,,,,,,,,,,,,,,,,,,,,,,,,,,,,,,,,,,,,,,,,,,,,,,,,,,,,,,,,,,,,,,,,,,,,,,,,,-0.008720311927067077,,,,,,,,,,,,,,,,,,,,,,0.043940368776320265,,,,,,,,,,,,0.01929013842502164,,0.005317860785618651,,,,,,,,,,,,0.030594618645583244,,,,,,,,,,,,,,,,,,,,,,,
45349900081,,,,,,,,,,,,,,,,,,,,,,,0.0006049676333529833,,,,,,,,,,,,,,,,,,,,,,,,,,,,,,,,,,,,,,,,,,,,,,,,,,,,,,,,,,,,,,-0.000983637695276615,,,,,,,,,,,,,,,,,,,,,,,,,,,,,,,,,,,,,-9.980369725422608e-05,,,,,,,,,,,,,0.008967132932627351,,,,,,,,,,,0.0009437958003713391,,,,,,,,,,,,,,,,,,,,,,,,-0.0006938101809009318,,,,,,,,,,,,4.130746374170464e-05,,,,,,,,,,,,,,-1.6375499891306543e-05,
45349300091,,,,,,,-0.0003772940944879592,,,,,,,,,,,,,,,,,,,,,,,,,,,,,,,,,,,,,,,,,,,,,,,,,,,,,0.0014898518221489942,,,,,,,,,,0.0009687568607548351,,,,,,,0.0008165598038115572,,,,,,,,,,,,,,,,,,,,,,,,,,,,,,,,,,,,,,,,,,,,,,,,,,,,,,,,,,,,,,,,,,,,,,,,-0.001034593410738317,,,,,,,,,,,,-6.996800239508435e-05,,,,,,,,,,,,6.996798622424659e-05,,,,,,,,,,,,-0.00047511602346860345,,,,,,,,,,,,
45349300061,,,,,,,0.002531632650490391,,,,,,,,,,,,,,,,,,,,,,,,,,,,,,,,,,,,,,,,,,,,,,,,,,,,,0.00016247817673281404,,,,,,,,,,-0.00016247817682792621,,,,,,,-0.0008050055122957494,,,,,,,,,,,,,,,,,,,,,,,,,,,,,,,,,,,,,,,,,,,,,,,,,,,,,,,,,,,,,,,,,,,,,,,,-0.0038954015531740467,,,,,,,,,,,,-0.004089713228216002,,,,,,,,,,,,0.0013699763846340982,,,,,,,,,,,,0.0005336567703454512,,,,,,,,,,,,
45349500101,,,,,,,,,,,,,,,,,0.0013829190394325929,,,,,,,,,,,,,-3.5985233434415424e-12,,,,,,,,,,,,,,,,,,,,,,,,,,,,,,,,,,,,,,,,,,,,,,,,,,,,,,,,,,,,,,,,,,,,,,,,,,,,,,,,,,,,,,,,,,,,,,,,,,-0.004392921594414951,,,,,,,,,,,,-0.004192164370601152,,,,,,,,,,,,-0.0053295627025401904,,,,,,,,,,,,,,,,,,,,,,,,0.00041134892258212026,,,,,,,,,,,,,0.0010427847861004525,,,,,,,,
45347200011,,,,,,-0.0001123455061216228,,,,,,,-2.170944285028882e-05,,,,,,,,,,,,,,,,,,,,,,,,-0.0007239210225569367,,,,,,,,,,-0.0007342768326199452,,,,,,,,,,,,,,,,,,,,,,,,,,,,,,,,,,,,,,,,,,,,,,,,,,,,,,,,,,,,,,,,,,,,,,,,,,,,,,,,,,,,,,,,,,,,,,,,,,,,,,,,,,,,,,,,,,,,,,,,,0.006466400695415549,,,,,,,,,,,,0.004042249352404737,,,,,,,,,,,,,,0.005022589602119445,,,
45349100091,,,,,,,0.0010997728369593878,,,,,,,,,,,,,,,,,,,,,,,,,,,,,,,,,,,,,,,,,,,,,,,,,,,,,,,,,,,,,,,0.0008374572758735374,,,,,,,,,,,,,,,,,,,,,,,,,,,,,,,,,,,,,,,,,,,,,,,,,,,,,,,,,,,,,,,,,,,,,,,,,,,,,,,-0.0008374572804674779,,,,,,,,,,,,-0.012504132642983092,,,,,,,,,,,,-0.002949564433239052,,,,,,,,,,,,0.0028362337445452107,,,,,,,,,,,,
